{"compras":[{"id":0.40117536132801224,"qty":3},{"id":0.5900498670606922,"qty":1}],"total":312}